train_loss,test_loss,test_acc
0.5337090455391788,0.30237155633608703,0.904
0.33264725844213644,0.2118013625819064,0.931
0.2797220841107807,0.20900192631446196,0.934
0.25250595608003606,0.24451216589448108,0.937
0.2677013282959089,0.199048835965013,0.944
0.21217877325819104,0.20904582580185135,0.947
0.218910658181971,0.2508988316697195,0.941
0.2164948225199767,0.24257210662343948,0.942
0.20312795295240124,0.29090003225054323,0.937
0.22164304752496602,0.23601942610493462,0.943
