train_loss,test_loss,test_acc
1.9534179762665265,1.4797911514255948,0.723
1.1882471089625886,0.8407298716614916,0.838
0.7858926474211316,0.5955644284974634,0.865
0.6228777500062541,0.48714787859196507,0.882
0.5432106885412734,0.43798213610361303,0.887
0.4967311963761549,0.4020369131154176,0.901
0.4529643897547272,0.376270295258362,0.903
0.42570570946274355,0.35768132702265026,0.906
0.4066401552302659,0.34761961691814086,0.907
0.3846037962532664,0.3331671709259492,0.912
