train_loss,test_loss,test_acc
1.9898724197315667,1.5438528398990905,0.704
1.347849531685764,0.9307942060606724,0.811
0.9638999853663709,0.6566414009263414,0.856
0.7776590677568173,0.5259190641583004,0.876
0.6682451538268132,0.4576656097056652,0.89
0.6045627889070586,0.41443373891228086,0.9
0.5545112909298581,0.3887452876301947,0.901
0.5144965991249552,0.366757662784802,0.905
0.4860391859206267,0.35201766254522415,0.903
0.4605827510322927,0.33839165100525564,0.909
