train_loss,test_loss,test_acc
0.4303229505022864,0.2761764868815915,0.912
0.20284408639306967,0.2123416534244189,0.937
0.1476244727521562,0.19948575161562365,0.943
0.11120445299914868,0.1963306494343121,0.937
0.112708772415077,0.17246500012245117,0.945
0.09461453402858165,0.22856301326050538,0.942
0.08159944235508672,0.2622866721141075,0.944
0.10269405017645437,0.44646192264798545,0.921
0.12043165005773282,0.2830694852406185,0.942
0.07264148997481686,0.2039055360501109,0.961
