train_loss,test_loss,test_acc
0.4916618917341075,0.27483050267718934,0.914
0.23878386709227148,0.23091224955335296,0.921
0.20080971782521856,0.22204452654251491,0.937
0.161019706508598,0.2714782659488265,0.926
0.14155398403795744,0.1921753319459471,0.946
0.14704499744938201,0.23315579185004218,0.942
0.1442325681753016,0.218485877242488,0.948
0.16623871844894403,0.23572935490990046,0.949
0.12514895957594555,0.24781259402260283,0.947
0.12557843643189415,0.21881396352649726,0.954
