train_loss,test_loss,test_acc
0.48171965243858533,0.24113830289748048,0.925
0.24647755913318997,0.23517963826433702,0.927
0.20035648846312482,0.2660578207260429,0.931
0.1824100030911868,0.1894836821897179,0.948
0.14521124524062512,0.1826943923509972,0.946
0.1471151111750189,0.14249335797925924,0.96
0.1398078738868411,0.22962032766944387,0.943
0.16545110408661107,0.20098324741399673,0.95
0.11971917654123092,0.2596882333300938,0.94
0.1000036512294913,0.3001865465001538,0.935
