train_loss,test_loss,test_acc
0.4358405797255177,0.22220569156607844,0.938
0.18430046449226836,0.20182308171760616,0.938
0.15032890719181574,0.17345137256175774,0.95
0.1236439107966486,0.20874669741127988,0.944
0.08902525437273068,0.2540632322518492,0.942
0.12875777252051251,0.2772551725427132,0.931
0.08606241397538245,0.2628337390965126,0.949
0.07141685160335066,0.2390109522840107,0.959
0.09571418526040784,0.2652780296184749,0.946
0.06804384436485726,0.3129961417721691,0.949
