train_loss,test_loss,test_acc
1.8511554798408427,1.3604815021853554,0.751
1.0162654736899446,0.7782219002051645,0.855
0.6657092073780718,0.573215773609882,0.875
0.5244689752050036,0.4800549498623178,0.894
0.4517487614131814,0.4292752944216063,0.899
0.40664617348457843,0.39740582092939175,0.894
0.37586320228197856,0.3783942447727107,0.898
0.35325223934815664,0.3590379955038479,0.897
0.33458097622291694,0.34590378990022574,0.902
0.3187359181993052,0.34182694002086816,0.9
