train_loss,test_loss,test_acc
2.0392971938049174,1.5859407604264057,0.684
1.4204773681714544,0.9846454054443409,0.807
1.0081631451325224,0.6896113751445787,0.854
0.8136957466125102,0.5554972043293118,0.864
0.6896142207988848,0.47711483275522,0.88
0.6237470485910287,0.4356096561417068,0.88
0.5631666813986174,0.4043961070912548,0.891
0.5230058041292417,0.3782613613881249,0.895
0.49572067114514545,0.3655740825393431,0.894
0.4675730799625935,0.3493890425013342,0.902
