train_loss,test_loss,test_acc
1.9618623401124964,1.4931367387838261,0.736
1.1993664719286294,0.8794282586017699,0.802
0.8195442259694986,0.6307432222684495,0.862
0.6547655761604394,0.5215067970005256,0.869
0.5628602697785512,0.4585860323320463,0.886
0.5063467340699078,0.4185670006601418,0.887
0.460718562169975,0.39167650586629515,0.89
0.4378394699898971,0.37060549396090253,0.896
0.4128141540948902,0.35534702694633663,0.902
0.39282647557303346,0.3423598895326762,0.904
