train_loss,test_loss,test_acc
0.5384639651787696,0.26713214428503,0.926
0.32491549605393405,0.23733203918223536,0.935
0.2916946303586235,0.1955601805870316,0.94
0.256738452437992,0.19879236048257531,0.936
0.2330596013797805,0.2115344837661137,0.939
0.21108336183732032,0.2021060473926234,0.943
0.21827680169607272,0.22377351305918258,0.94
0.2057542031987134,0.24158534735026815,0.95
0.20632643899488481,0.26333536367947324,0.93
0.21916971776640085,0.19811150784254578,0.955
